Source:,,,,,,,
Date:,6/11/2023 10:30,,,,,,
Tool:,Eeschema (7.0.0),,,,,,
Generator:,,,,,,,
Component Count:,15,,,,,,
Ref,Qnty,Value,Cmp name,Footprint,Description,Vendor,DNP
"H1, H2, H3, H4",4,MountingHole,MountingHole,MountingHole:MountingHole_3.5mm,Mounting Hole without connection,,
"J1, J2, J3, J4, J5",5,6.91214E+11,6.91214E+11,691214110003:691214110003,,,
"R1, R2, R3, R5, R6",5,1MΩ ,R,Resistor_SMD:R_0603_1608Metric_Pad0.98x0.95mm_HandSolder,Resistor,,
U2,1,C3 Pico,C3_pico,c3 pico:c3 pico,,,
